half,time-minutes,time-seconds,details,player1-id,player2-id,player1-linkable,player2-linkable,player3-linkable,player-first-name-1,player-first-name-2,player-last-name-1,player-last-name-2,player-team-alias-1,player-team-alias-2,home-score,visitor-score,visitor-fouls,home-fouls,player-fouls,fastbreak,in-paint,second-chance,off-turnover,player-score,points-type,detail-id,detail-desc,event-id,event-desc,distance,x-coord,y-coord,team-id-1,team-id-2,team-id-3
1,20,00,Start of the 1st Half,,,false,false,false,,,,,,,0,0,0,0,0,,,,,0,,,,14,Start Period,,,,76,76,
1,19,38,Adreian Payne with a lost ball turnover: Lost Ball,97677,,true,false,false,Adreian,,Payne,,MSU,,0,0,0,0,0,,,,,0,,2,Lost Ball,7,Turnover,,,,76,76,
1,19,32,Drew Crawford makes a layup shot.,88698,,true,false,false,Drew,,Crawford,,NW,,0,2,0,0,0,,,,,2,2,40,Layup Shot,3,Field Goal Made,0,0,0,78,78,
1,19,07,Branden Dawson misses a jump shot from 6 feet out.,110403,,true,false,false,Branden,,Dawson,,MSU,,0,2,0,0,0,,,,,0,2,45,Jump Shot,4,Field Goal Missed,6,1,6,76,76,
1,19,07,Branden Dawson with an offensive rebound.,110403,,true,false,false,Branden,,Dawson,,MSU,,0,2,0,0,0,,,,,0,,,,5,Offensive Rebound,,,,76,76,
1,19,04,Branden Dawson makes a layup shot.,110403,,true,false,false,Branden,,Dawson,,MSU,,2,2,0,0,0,,,,,2,2,40,Layup Shot,3,Field Goal Made,0,0,0,76,76,
1,18,40,Shooting foul committed by Adreian Payne.,97677,,true,false,false,Adreian,,Payne,,MSU,,2,2,0,1,1,,,,,0,,2,Shooting,8,Foul,,,,76,76,
1,18,40,Alex Olah misses free throw 1 of 2.,116199,,true,false,false,Alex,,Olah,,NW,,2,2,0,1,0,,,,,0,1,11,Free Throw 1 of 2,2,Free Throw Missed,,,,78,78,
1,18,40,NW with an offensive rebound.,,,false,false,false,,,,,,,2,2,0,1,0,,,,,0,,,,5,Offensive Rebound,,,,78,78,
1,18,40,Alex Olah makes free throw 2 of 2.,116199,,true,false,false,Alex,,Olah,,NW,,2,3,0,1,0,,,,,1,1,12,Free Throw 2 of 2,1,Free Throw Made,,,,78,78,
1,18,05,Adreian Payne misses a 3-point jump shot from 24 feet out.,97677,,true,false,false,Adreian,,Payne,,MSU,,2,3,0,1,1,,,,,0,3,45,Jump Shot,4,Field Goal Missed,24,12.3,20.3,76,76,
1,18,05,Tre Demps with a defensive rebound.,109549,,true,false,false,Tre,,Demps,,NW,,2,3,0,1,0,,,,,0,,,,6,Defensive Rebound,,,,78,78,
1,17,31,Sanjay Lumpkin with a lost ball turnover: Lost Ball,116200,,true,false,false,Sanjay,,Lumpkin,,NW,,2,3,0,1,0,,,,,0,,2,Lost Ball,7,Turnover,,,,78,78,
1,17,04,Gary Harris misses a 3-point jump shot from 27 feet out.,117555,,true,false,false,Gary,,Harris,,MSU,,2,3,0,1,0,,,,,0,3,45,Jump Shot,4,Field Goal Missed,27,4.5,26.4,76,76,
1,17,04,Dave Sobolewski with a defensive rebound.,109548,,true,false,false,Dave,,Sobolewski,,NW,,2,3,0,1,0,,,,,0,,,,6,Defensive Rebound,,,,78,78,
1,16,43,Alex Olah makes a hook shot from 7 feet out. Drew Crawford with the assist.,116199,88698,true,true,false,Alex,Drew,Olah,Crawford,NW,NW,2,5,0,1,0,,,,,3,2,55,Hook Shot,3,Field Goal Made,7,-6.4,1.9,78,78,
1,16,19,Shooting foul committed by Sanjay Lumpkin.,116200,,true,false,false,Sanjay,,Lumpkin,,NW,,2,5,1,1,1,,,,,0,,2,Shooting,8,Foul,,,,78,78,
1,16,19,Branden Dawson misses free throw 1 of 2.,110403,,true,false,false,Branden,,Dawson,,MSU,,2,5,1,1,0,,,,,2,1,11,Free Throw 1 of 2,2,Free Throw Missed,,,,76,76,
1,16,19,MSU with an offensive rebound.,,,false,false,false,,,,,,,2,5,1,1,0,,,,,0,,,,5,Offensive Rebound,,,,76,76,
1,16,19,Branden Dawson misses free throw 2 of 2.,110403,,true,false,false,Branden,,Dawson,,MSU,,2,5,1,1,0,,,,,2,1,12,Free Throw 2 of 2,2,Free Throw Missed,,,,76,76,
1,16,19,Matt Costello with an offensive rebound.,117554,,true,false,false,Matt,,Costello,,MSU,,2,5,1,1,0,,,,,0,,,,5,Offensive Rebound,,,,76,76,
1,16,09,Gary Harris makes a jump shot from 20 feet out. Matt Costello with the assist.,117555,117554,true,true,false,Gary,Matt,Harris,Costello,MSU,MSU,4,5,1,1,0,,,,,2,2,45,Jump Shot,3,Field Goal Made,20,-20,0,76,76,
1,15,57,Alex Olah misses a layup shot.,116199,,true,false,false,Alex,,Olah,,NW,,4,5,1,1,0,,,,,3,2,40,Layup Shot,4,Field Goal Missed,0,0,0,78,78,
1,15,57,MSU with a defensive rebound.,,,false,false,false,,,,,,,4,5,1,1,0,,,,,0,,,,6,Defensive Rebound,,,,76,76,
1,15,56,Official TV timeout.,,,false,false,false,,,,,,,4,5,1,1,0,,,,,0,,3,Official TV,11,Timeout,,,,76,76,
1,15,21,Denzel Valentine misses a 3-point jump shot from 22 feet out.,117557,,true,false,false,Denzel,,Valentine,,MSU,,4,5,1,1,0,,,,,0,3,45,Jump Shot,4,Field Goal Missed,22,-22.4,-.4,76,76,
1,15,21,Gary Harris with an offensive rebound.,117555,,true,false,false,Gary,,Harris,,MSU,,4,5,1,1,0,,,,,2,,,,5,Offensive Rebound,,,,76,76,
1,15,13,Denzel Valentine makes a 3-point jump shot from 23 feet out. Gary Harris with the assist.,117557,117555,true,true,false,Denzel,Gary,Valentine,Harris,MSU,MSU,7,5,1,1,0,,,,,3,3,45,Jump Shot,3,Field Goal Made,23,22.5,1.6,76,76,
1,14,32,Nikola Cerina misses a jump shot from 9 feet out.,88767,,true,false,false,Nikola,,Cerina,,NW,,7,5,1,1,0,,,,,0,2,45,Jump Shot,4,Field Goal Missed,9,1,9,78,78,
1,14,32,Adreian Payne with a defensive rebound.,97677,,true,false,false,Adreian,,Payne,,MSU,,7,5,1,1,1,,,,,0,,,,6,Defensive Rebound,,,,76,76,
1,14,19,Personal foul committed by Nikola Cerina.,88767,,true,false,false,Nikola,,Cerina,,NW,,7,5,2,1,1,,,,,0,,1,Personal,8,Foul,,,,78,78,
1,13,58,Kenny Kaminski makes a 3-point jump shot from 23 feet out. Denzel Valentine with the assist.,117556,117557,true,true,false,Kenny,Denzel,Kaminski,Valentine,MSU,MSU,10,5,2,1,0,,,,,3,3,45,Jump Shot,3,Field Goal Made,23,22.9,-1.1,76,76,
1,13,21,Tre Demps misses a layup shot.,109549,,true,false,false,Tre,,Demps,,NW,,10,5,2,1,0,,,,,0,2,40,Layup Shot,4,Field Goal Missed,0,0,0,78,78,
1,13,21,Nikola Cerina with an offensive rebound.,88767,,true,false,false,Nikola,,Cerina,,NW,,10,5,2,1,1,,,,,0,,,,5,Offensive Rebound,,,,78,78,
1,13,18,Kale Abrahamson makes a 3-point jump shot from 27 feet out. Nikola Cerina with the assist.,116198,88767,true,true,false,Kale,Nikola,Abrahamson,Cerina,NW,NW,10,8,2,1,0,,,,,3,3,45,Jump Shot,3,Field Goal Made,27,.8,27.5,78,78,
1,13,08,Travis Trice misses a 3-point jump shot from 26 feet out.,110404,,true,false,false,Travis,,Trice,,MSU,,10,8,2,1,0,,,,,0,3,45,Jump Shot,4,Field Goal Missed,26,-1.6,26.4,76,76,
1,13,08,Sanjay Lumpkin with a defensive rebound.,116200,,true,false,false,Sanjay,,Lumpkin,,NW,,10,8,2,1,1,,,,,0,,,,6,Defensive Rebound,,,,78,78,
1,12,33,Tre Demps makes a jump shot from 17 feet out.,109549,,true,false,false,Tre,,Demps,,NW,,10,10,2,1,0,,,,,2,2,45,Jump Shot,3,Field Goal Made,17,13.7,10.8,78,78,
1,12,20,Keith Appling with a traveling turnover: Traveling,97678,,true,false,false,Keith,,Appling,,MSU,,10,10,2,1,0,,,,,0,,4,Traveling,7,Turnover,,,,76,76,
1,12,00,Offensive foul committed by Tre Demps.,109549,,true,false,false,Tre,,Demps,,NW,,10,10,3,1,1,,,,,2,,4,Offensive,8,Foul,,,,78,78,
1,12,00,Tre Demps with a  turnover:,109549,,true,false,false,Tre,,Demps,,NW,,10,10,3,1,1,,,,,2,,,,7,Turnover,,,,78,78,
1,11,30,Keith Appling misses a layup shot.,97678,,true,false,false,Keith,,Appling,,MSU,,10,10,3,1,0,,,,,0,2,40,Layup Shot,4,Field Goal Missed,0,0,0,76,76,
1,11,30,Branden Dawson with an offensive rebound.,110403,,true,false,false,Branden,,Dawson,,MSU,,10,10,3,1,0,,,,,2,,,,5,Offensive Rebound,,,,76,76,
1,11,25,Branden Dawson makes a tip shot from 3 feet out.,110403,,true,false,false,Branden,,Dawson,,MSU,,12,10,3,1,0,,,,,4,2,53,Tip Shot,3,Field Goal Made,3,-2,2.6,76,76,
1,10,57,Drew Crawford misses a 3-point jump shot from 25 feet out.,88698,,true,false,false,Drew,,Crawford,,NW,,12,10,3,1,0,,,,,2,3,45,Jump Shot,4,Field Goal Missed,25,3.1,24.7,78,78,
1,10,57,Keith Appling with a defensive rebound.,97678,,true,false,false,Keith,,Appling,,MSU,,12,10,3,1,0,,,,,0,,,,6,Defensive Rebound,,,,76,76,
1,10,26,Gary Harris misses a jump shot from 19 feet out.,117555,,true,false,false,Gary,,Harris,,MSU,,12,10,3,1,0,,,,,2,2,45,Jump Shot,4,Field Goal Missed,19,18.8,.2,76,76,
1,10,26,Drew Crawford with a defensive rebound.,88698,,true,false,false,Drew,,Crawford,,NW,,12,10,3,1,0,,,,,2,,,,6,Defensive Rebound,,,,78,78,
1,10,02,Kale Abrahamson misses a layup shot.,116198,,true,false,false,Kale,,Abrahamson,,NW,,12,10,3,1,0,,,,,3,2,40,Layup Shot,4,Field Goal Missed,0,0,0,78,78,
1,10,02,Matt Costello with a defensive rebound.,117554,,true,false,false,Matt,,Costello,,MSU,,12,10,3,1,0,,,,,0,,,,6,Defensive Rebound,,,,76,76,
1,9,53,Branden Dawson makes a layup shot. Matt Costello with the assist.,110403,117554,true,true,false,Branden,Matt,Dawson,Costello,MSU,MSU,14,10,3,1,0,,,,,6,2,40,Layup Shot,3,Field Goal Made,0,0,0,76,76,
1,9,37,Offensive foul committed by Drew Crawford.,88698,,true,false,false,Drew,,Crawford,,NW,,14,10,4,1,1,,,,,2,,4,Offensive,8,Foul,,,,78,78,
1,9,37,Drew Crawford with a  turnover:,88698,,true,false,false,Drew,,Crawford,,NW,,14,10,4,1,1,,,,,2,,,,7,Turnover,,,,78,78,
1,9,37,Official TV timeout.,,,false,false,false,,,,,,,14,10,4,1,0,,,,,0,,3,Official TV,11,Timeout,,,,76,76,
1,9,25,Gary Harris makes a jump shot from 8 feet out. Keith Appling with the assist.,117555,97678,true,true,false,Gary,Keith,Harris,Appling,MSU,MSU,16,10,4,1,0,,,,,4,2,45,Jump Shot,3,Field Goal Made,8,.1,8.1,76,76,
1,8,46,Drew Crawford misses a jump shot from 9 feet out.,88698,,true,false,false,Drew,,Crawford,,NW,,16,10,4,1,1,,,,,2,2,45,Jump Shot,4,Field Goal Missed,9,-6.7,6.4,78,78,
1,8,46,Gary Harris with a defensive rebound.,117555,,true,false,false,Gary,,Harris,,MSU,,16,10,4,1,0,,,,,4,,,,6,Defensive Rebound,,,,76,76,
1,8,41,Offensive foul committed by Adreian Payne.,97677,,true,false,false,Adreian,,Payne,,MSU,,16,10,4,2,2,,,,,0,,4,Offensive,8,Foul,,,,76,76,
1,8,41,Adreian Payne with a  turnover:,97677,,true,false,false,Adreian,,Payne,,MSU,,16,10,4,2,2,,,,,0,,,,7,Turnover,,,,76,76,
1,8,22,Alex Olah makes a hook shot from 10 feet out.,116199,,true,false,false,Alex,,Olah,,NW,,16,12,4,2,0,,,,,5,2,55,Hook Shot,3,Field Goal Made,10,8.2,6,78,78,
1,8,11,Personal foul committed by Sanjay Lumpkin.,116200,,true,false,false,Sanjay,,Lumpkin,,NW,,16,12,5,2,2,,,,,0,,1,Personal,8,Foul,,,,78,78,
1,8,02,Gary Harris misses a 3-point jump shot from 25 feet out.,117555,,true,false,false,Gary,,Harris,,MSU,,16,12,5,2,0,,,,,4,3,45,Jump Shot,4,Field Goal Missed,25,16.1,18.6,76,76,
1,8,02,NW with a defensive rebound.,,,false,false,false,,,,,,,16,12,5,2,0,,,,,0,,,,6,Defensive Rebound,,,,78,78,
1,7,39,Alex Olah with a bad pass turnover: Bad Pass,116199,,true,false,false,Alex,,Olah,,NW,,16,12,5,2,0,,,,,5,,1,Bad Pass,7,Turnover,,,,78,78,
1,7,39,Official TV timeout.,,,false,false,false,,,,,,,16,12,5,2,0,,,,,0,,3,Official TV,11,Timeout,,,,76,76,
1,7,28,Denzel Valentine makes a jump shot from 10 feet out.,117557,,true,false,false,Denzel,,Valentine,,MSU,,18,12,5,2,0,,,,,5,2,45,Jump Shot,3,Field Goal Made,10,.6,10.1,76,76,
1,7,27,Shooting foul committed by Drew Crawford.,88698,,true,false,false,Drew,,Crawford,,NW,,18,12,6,2,2,,,,,2,,2,Shooting,8,Foul,,,,78,78,
1,7,27,Denzel Valentine makes free throw 1 of 1.,117557,,true,false,false,Denzel,,Valentine,,MSU,,19,12,6,2,0,,,,,6,1,10,Free Throw 1 of 1,1,Free Throw Made,,,,76,76,
1,6,56,Dave Sobolewski misses a 3-point jump shot from 24 feet out.,109548,,true,false,false,Dave,,Sobolewski,,NW,,19,12,6,2,0,,,,,0,3,45,Jump Shot,4,Field Goal Missed,24,10.5,22,78,78,
1,6,56,Denzel Valentine with a defensive rebound.,117557,,true,false,false,Denzel,,Valentine,,MSU,,19,12,6,2,0,,,,,6,,,,6,Defensive Rebound,,,,76,76,
1,6,44,Gary Harris misses a jump shot from 11 feet out.,117555,,true,false,false,Gary,,Harris,,MSU,,19,12,6,2,0,,,,,4,2,45,Jump Shot,4,Field Goal Missed,11,.3,10.8,76,76,
1,6,44,Gavin Schilling with an offensive rebound.,121499,,true,false,false,Gavin,,Schilling,,MSU,,19,12,6,2,0,,,,,0,,,,5,Offensive Rebound,,,,76,76,
1,6,37,Kenny Kaminski makes a 3-point jump shot from 23 feet out. Denzel Valentine with the assist.,117556,117557,true,true,false,Kenny,Denzel,Kaminski,Valentine,MSU,MSU,22,12,6,2,0,,,,,6,3,45,Jump Shot,3,Field Goal Made,23,-12.7,19.3,76,76,
1,6,36,NW take a 20-second timeout.,,,false,false,false,,,,,,,22,12,6,2,0,,,,,0,,2,Short,11,Timeout,,,,78,78,
1,6,26,Kale Abrahamson misses a 3-point jump shot from 23 feet out.,116198,,true,false,false,Kale,,Abrahamson,,NW,,22,12,6,2,0,,,,,3,3,45,Jump Shot,4,Field Goal Missed,23,23,-1,78,78,
1,6,26,Gavin Schilling with a defensive rebound.,121499,,true,false,false,Gavin,,Schilling,,MSU,,22,12,6,2,0,,,,,0,,,,6,Defensive Rebound,,,,76,76,
1,6,14,Denzel Valentine misses a 3-point jump shot from 25 feet out.,117557,,true,false,false,Denzel,,Valentine,,MSU,,22,12,6,2,0,,,,,6,3,45,Jump Shot,4,Field Goal Missed,25,19.6,16.2,76,76,
1,6,14,Tre Demps with a defensive rebound.,109549,,true,false,false,Tre,,Demps,,NW,,22,12,6,2,1,,,,,2,,,,6,Defensive Rebound,,,,78,78,
1,6,04,Tre Demps makes a 3-point jump shot from 27 feet out.,109549,,true,false,false,Tre,,Demps,,NW,,22,15,6,2,1,,,,,5,3,45,Jump Shot,3,Field Goal Made,27,-1.4,27.1,78,78,
1,5,49,Denzel Valentine misses a jump shot from 10 feet out.,117557,,true,false,false,Denzel,,Valentine,,MSU,,22,15,6,2,0,,,,,6,2,45,Jump Shot,4,Field Goal Missed,10,-.4,10.4,76,76,
1,5,49,Tre Demps with a defensive rebound.,109549,,true,false,false,Tre,,Demps,,NW,,22,15,6,2,1,,,,,5,,,,6,Defensive Rebound,,,,78,78,
1,5,43,Drew Crawford with a lost ball turnover: Lost Ball,88698,,true,false,false,Drew,,Crawford,,NW,,22,15,6,2,2,,,,,2,,2,Lost Ball,7,Turnover,,,,78,78,
1,5,37,Travis Trice makes a 3-point jump shot from 23 feet out. Gary Harris with the assist.,110404,117555,true,true,false,Travis,Gary,Trice,Harris,MSU,MSU,25,15,6,2,0,,,,,3,3,45,Jump Shot,3,Field Goal Made,23,14.9,17.3,76,76,
1,5,32,Nikola Cerina with a bad pass turnover: Bad Pass,88767,,true,false,false,Nikola,,Cerina,,NW,,25,15,6,2,1,,,,,0,,1,Bad Pass,7,Turnover,,,,78,78,
1,5,14,Keith Appling makes a jump shot from 9 feet out.,97678,,true,false,false,Keith,,Appling,,MSU,,27,15,6,2,0,,,,,2,2,45,Jump Shot,3,Field Goal Made,9,.4,9.1,76,76,
1,4,36,Tre Demps makes a jump shot from 9 feet out.,109549,,true,false,false,Tre,,Demps,,NW,,27,17,6,2,1,,,,,7,2,45,Jump Shot,3,Field Goal Made,9,2.5,9.1,78,78,
1,4,27,Shooting foul committed by Kale Abrahamson.,116198,,true,false,false,Kale,,Abrahamson,,NW,,27,17,7,2,1,,,,,3,,2,Shooting,8,Foul,,,,78,78,
1,4,27,Gary Harris makes free throw 1 of 3.,117555,,true,false,false,Gary,,Harris,,MSU,,28,17,7,2,0,,,,,5,1,13,Free Throw 1 of 3,1,Free Throw Made,,,,76,76,
1,4,27,Gary Harris misses free throw 2 of 3.,117555,,true,false,false,Gary,,Harris,,MSU,,28,17,7,2,0,,,,,5,1,14,Free Throw 2 of 3,2,Free Throw Missed,,,,76,76,
1,4,27,MSU with an offensive rebound.,,,false,false,false,,,,,,,28,17,7,2,0,,,,,0,,,,5,Offensive Rebound,,,,76,76,
1,4,27,Gary Harris makes free throw 3 of 3.,117555,,true,false,false,Gary,,Harris,,MSU,,29,17,7,2,0,,,,,6,1,15,Free Throw 3 of 3,1,Free Throw Made,,,,76,76,
1,3,52,Tre Demps misses a jump shot from 18 feet out.,109549,,true,false,false,Tre,,Demps,,NW,,29,17,7,2,1,,,,,7,2,45,Jump Shot,4,Field Goal Missed,18,18.1,1.9,78,78,
1,3,52,Gary Harris with a defensive rebound.,117555,,true,false,false,Gary,,Harris,,MSU,,29,17,7,2,0,,,,,6,,,,6,Defensive Rebound,,,,76,76,
1,3,35,Gary Harris makes a layup shot.,117555,,true,false,false,Gary,,Harris,,MSU,,31,17,7,2,0,,,,,8,2,40,Layup Shot,3,Field Goal Made,0,0,0,76,76,
1,3,17,Dave Sobolewski misses a 3-point jump shot from 22 feet out.,109548,,true,false,false,Dave,,Sobolewski,,NW,,31,17,7,2,0,,,,,0,3,45,Jump Shot,4,Field Goal Missed,22,-21.3,6.4,78,78,
1,3,17,Nikola Cerina with an offensive rebound.,88767,,true,false,false,Nikola,,Cerina,,NW,,31,17,7,2,1,,,,,0,,,,5,Offensive Rebound,,,,78,78,
1,3,13,Nikola Cerina with a lost ball turnover: Lost Ball,88767,,true,false,false,Nikola,,Cerina,,NW,,31,17,7,2,1,,,,,0,,2,Lost Ball,7,Turnover,,,,78,78,
1,3,10,Keith Appling with a traveling turnover: Traveling,97678,,true,false,false,Keith,,Appling,,MSU,,31,17,7,2,0,,,,,2,,4,Traveling,7,Turnover,,,,76,76,
1,3,10,Official TV timeout.,,,false,false,false,,,,,,,31,17,7,2,0,,,,,0,,3,Official TV,11,Timeout,,,,76,76,
1,3,01,Personal foul committed by Matt Costello.,117554,,true,false,false,Matt,,Costello,,MSU,,31,17,7,3,1,,,,,0,,1,Personal,8,Foul,,,,76,76,
1,2,57,Personal foul committed by Alvin Ellis III.,121498,,true,false,false,Alvin,,Ellis III,,MSU,,31,17,7,4,1,,,,,0,,1,Personal,8,Foul,,,,76,76,
1,2,42,Alex Olah with a backcourt turnover turnover: Backcourt Turnover,116199,,true,false,false,Alex,,Olah,,NW,,31,17,7,4,0,,,,,5,,13,Backcourt Turnover,7,Turnover,,,,78,78,
1,2,36,Denzel Valentine with a bad pass turnover: Bad Pass,117557,,true,false,false,Denzel,,Valentine,,MSU,,31,17,7,4,0,,,,,6,,1,Bad Pass,7,Turnover,,,,76,76,
1,2,20,Drew Crawford misses a jump shot from 9 feet out.,88698,,true,false,false,Drew,,Crawford,,NW,,31,17,7,4,2,,,,,2,2,45,Jump Shot,4,Field Goal Missed,9,7.2,5.7,78,78,
1,2,20,Denzel Valentine with a defensive rebound.,117557,,true,false,false,Denzel,,Valentine,,MSU,,31,17,7,4,0,,,,,6,,,,6,Defensive Rebound,,,,76,76,
1,2,00,Travis Trice misses a jump shot from 18 feet out.,110404,,true,false,false,Travis,,Trice,,MSU,,31,17,7,4,0,,,,,3,2,45,Jump Shot,4,Field Goal Missed,18,0,18,76,76,
1,2,00,Branden Dawson with an offensive rebound.,110403,,true,false,false,Branden,,Dawson,,MSU,,31,17,7,4,0,,,,,6,,,,5,Offensive Rebound,,,,76,76,
1,1,53,Branden Dawson makes a jump shot from 10 feet out.,110403,,true,false,false,Branden,,Dawson,,MSU,,33,17,7,4,0,,,,,8,2,45,Jump Shot,3,Field Goal Made,10,-.3,10.4,76,76,
1,1,41,Dave Sobolewski makes a 3-point jump shot from 23 feet out. Kale Abrahamson with the assist.,109548,116198,true,true,false,Dave,Kale,Sobolewski,Abrahamson,NW,NW,33,20,7,4,0,,,,,3,3,45,Jump Shot,3,Field Goal Made,23,12.3,19,78,78,
1,1,13,Matt Costello makes a dunk shot. Travis Trice with the assist.,117554,110404,true,true,false,Matt,Travis,Costello,Trice,MSU,MSU,35,20,7,4,1,,,,,2,2,48,Dunk Shot,3,Field Goal Made,0,0,0,76,76,
1,0,52.4,Tre Demps with a lost ball turnover: Lost Ball,109549,,true,false,false,Tre,,Demps,,NW,,35,20,7,4,1,,,,,7,,2,Lost Ball,7,Turnover,,,,78,78,
1,0,50.8,Matt Costello makes a dunk shot. Denzel Valentine with the assist.,117554,117557,true,true,false,Matt,Denzel,Costello,Valentine,MSU,MSU,37,20,7,4,1,,,,,4,2,48,Dunk Shot,3,Field Goal Made,0,0,0,76,76,
1,0,49.2,Shooting foul committed by Dave Sobolewski.,109548,,true,false,false,Dave,,Sobolewski,,NW,,37,20,8,4,1,,,,,3,,2,Shooting,8,Foul,,,,78,78,
1,0,49.2,Matt Costello makes free throw 1 of 2.,117554,,true,false,false,Matt,,Costello,,MSU,,38,20,8,4,1,,,,,5,1,11,Free Throw 1 of 2,1,Free Throw Made,,,,76,76,
1,0,49.2,Matt Costello misses free throw 2 of 2.,117554,,true,false,false,Matt,,Costello,,MSU,,38,20,8,4,1,,,,,5,1,12,Free Throw 2 of 2,2,Free Throw Missed,,,,76,76,
1,0,49.2,MSU with an offensive rebound.,,,false,false,false,,,,,,,38,20,8,4,0,,,,,0,,,,5,Offensive Rebound,,,,76,76,
1,0,49.2,MSU take a 20-second timeout.,,,false,false,false,,,,,,,38,20,8,4,0,,,,,0,,2,Short,11,Timeout,,,,76,76,
1,0,45.6,Branden Dawson makes a jump shot from 19 feet out. Denzel Valentine with the assist.,110403,117557,true,true,false,Branden,Denzel,Dawson,Valentine,MSU,MSU,40,20,8,4,0,,,,,10,2,45,Jump Shot,3,Field Goal Made,19,-2.3,19.3,76,76,
1,0,24.0,Shooting foul committed by Branden Dawson.,110403,,true,false,false,Branden,,Dawson,,MSU,,40,20,8,5,1,,,,,10,,2,Shooting,8,Foul,,,,76,76,
1,0,24.0,Drew Crawford makes free throw 1 of 2.,88698,,true,false,false,Drew,,Crawford,,NW,,40,21,8,5,2,,,,,3,1,11,Free Throw 1 of 2,1,Free Throw Made,,,,78,78,
1,0,24.0,Drew Crawford makes free throw 2 of 2.,88698,,true,false,false,Drew,,Crawford,,NW,,40,22,8,5,2,,,,,4,1,12,Free Throw 2 of 2,1,Free Throw Made,,,,78,78,
1,0,02.3,Branden Dawson misses a jump shot from 14 feet out.,110403,,true,false,false,Branden,,Dawson,,MSU,,40,22,8,5,1,,,,,10,2,45,Jump Shot,4,Field Goal Missed,14,-5.7,12.5,76,76,
1,0,02.3,Nikola Cerina with a defensive rebound.,88767,,true,false,false,Nikola,,Cerina,,NW,,40,22,8,5,1,,,,,0,,,,6,Defensive Rebound,,,,78,78,
1,0,00,End of the 1st Half,,,false,false,false,,,,,,,40,22,8,5,0,,,,,0,,,,15,End Period,,,,76,76,
2,20,00,Start of the 2nd Half,,,false,false,false,,,,,,,40,22,0,0,0,,,,,0,,,,14,Start Period,,,,76,76,
2,19,39,Drew Crawford misses a jump shot from 12 feet out.,88698,,true,false,false,Drew,,Crawford,,NW,,40,22,0,0,2,,,,,4,2,45,Jump Shot,4,Field Goal Missed,12,-7,9,78,78,
2,19,39,Gary Harris with a defensive rebound.,117555,,true,false,false,Gary,,Harris,,MSU,,40,22,0,0,0,,,,,8,,,,6,Defensive Rebound,,,,76,76,
2,19,21,Adreian Payne makes a 3-point jump shot from 23 feet out. Branden Dawson with the assist.,97677,110403,true,true,false,Adreian,Branden,Payne,Dawson,MSU,MSU,43,22,0,0,2,,,,,3,3,45,Jump Shot,3,Field Goal Made,23,1.4,23,76,76,
2,19,03,Tre Demps misses a 3-point jump shot from 26 feet out.,109549,,true,false,false,Tre,,Demps,,NW,,43,22,0,0,1,,,,,7,3,45,Jump Shot,4,Field Goal Missed,26,-14.2,21.7,78,78,
2,19,03,Adreian Payne with a defensive rebound.,97677,,true,false,false,Adreian,,Payne,,MSU,,43,22,0,0,2,,,,,3,,,,6,Defensive Rebound,,,,76,76,
2,18,45,Adreian Payne with a bad pass turnover: Bad Pass,97677,,true,false,false,Adreian,,Payne,,MSU,,43,22,0,0,2,,,,,3,,1,Bad Pass,7,Turnover,,,,76,76,
2,18,20,Dave Sobolewski misses a layup shot.,109548,,true,false,false,Dave,,Sobolewski,,NW,,43,22,0,0,1,,,,,3,2,40,Layup Shot,4,Field Goal Missed,0,0,0,78,78,
2,18,20,Branden Dawson with a defensive rebound.,110403,,true,false,false,Branden,,Dawson,,MSU,,43,22,0,0,1,,,,,10,,,,6,Defensive Rebound,,,,76,76,
2,18,13,Keith Appling makes a jump shot from 14 feet out.,97678,,true,false,false,Keith,,Appling,,MSU,,45,22,0,0,0,,,,,4,2,45,Jump Shot,3,Field Goal Made,14,-7.4,11.8,76,76,
2,17,41,Drew Crawford misses a 3-point jump shot from 24 feet out.,88698,,true,false,false,Drew,,Crawford,,NW,,45,22,0,0,2,,,,,4,3,45,Jump Shot,4,Field Goal Missed,24,-15.6,18.6,78,78,
2,17,41,Sanjay Lumpkin with an offensive rebound.,116200,,true,false,false,Sanjay,,Lumpkin,,NW,,45,22,0,0,2,,,,,0,,,,5,Offensive Rebound,,,,78,78,
2,17,36,Shooting foul committed by Adreian Payne.,97677,,true,false,false,Adreian,,Payne,,MSU,,45,22,0,1,3,,,,,3,,2,Shooting,8,Foul,,,,76,76,
2,17,36,Drew Crawford makes free throw 1 of 2.,88698,,true,false,false,Drew,,Crawford,,NW,,45,23,0,1,2,,,,,5,1,11,Free Throw 1 of 2,1,Free Throw Made,,,,78,78,
2,17,36,Drew Crawford makes free throw 2 of 2.,88698,,true,false,false,Drew,,Crawford,,NW,,45,24,0,1,2,,,,,6,1,12,Free Throw 2 of 2,1,Free Throw Made,,,,78,78,
2,17,14,Gary Harris misses a jump shot from 20 feet out.,117555,,true,false,false,Gary,,Harris,,MSU,,45,24,0,1,0,,,,,8,2,45,Jump Shot,4,Field Goal Missed,20,-5,19.3,76,76,
2,17,14,Kale Abrahamson with a defensive rebound.,116198,,true,false,false,Kale,,Abrahamson,,NW,,45,24,0,1,1,,,,,3,,,,6,Defensive Rebound,,,,78,78,
2,17,00,Nikola Cerina misses a dunk shot.,88767,,true,false,false,Nikola,,Cerina,,NW,,45,24,0,1,1,,,,,0,2,48,Dunk Shot,4,Field Goal Missed,0,0,0,78,78,
2,17,00,Matt Costello with a defensive rebound.,117554,,true,false,false,Matt,,Costello,,MSU,,45,24,0,1,1,,,,,5,,,,6,Defensive Rebound,,,,76,76,
2,16,52,Gary Harris misses a layup shot.,117555,,true,false,false,Gary,,Harris,,MSU,,45,24,0,1,0,,,,,8,2,40,Layup Shot,4,Field Goal Missed,0,0,0,76,76,
2,16,52,Gary Harris with an offensive rebound.,117555,,true,false,false,Gary,,Harris,,MSU,,45,24,0,1,0,,,,,8,,,,5,Offensive Rebound,,,,76,76,
2,16,51,Gary Harris misses a layup shot.,117555,,true,false,false,Gary,,Harris,,MSU,,45,24,0,1,0,,,,,8,2,40,Layup Shot,4,Field Goal Missed,0,0,0,76,76,
2,16,51,Matt Costello with an offensive rebound.,117554,,true,false,false,Matt,,Costello,,MSU,,45,24,0,1,1,,,,,5,,,,5,Offensive Rebound,,,,76,76,
2,16,50,Matt Costello misses a tip shot from 3 feet out.,117554,,true,false,false,Matt,,Costello,,MSU,,45,24,0,1,1,,,,,5,2,53,Tip Shot,4,Field Goal Missed,3,1,3,76,76,
2,16,50,Branden Dawson with an offensive rebound.,110403,,true,false,false,Branden,,Dawson,,MSU,,45,24,0,1,1,,,,,10,,,,5,Offensive Rebound,,,,76,76,
2,16,40,Branden Dawson misses a jump shot from 11 feet out.,110403,,true,false,false,Branden,,Dawson,,MSU,,45,24,0,1,1,,,,,10,2,45,Jump Shot,4,Field Goal Missed,11,.4,10.8,76,76,
2,16,40,Tre Demps with a defensive rebound.,109549,,true,false,false,Tre,,Demps,,NW,,45,24,0,1,1,,,,,7,,,,6,Defensive Rebound,,,,78,78,
2,16,16,Nikola Cerina makes a layup shot. Sanjay Lumpkin with the assist.,88767,116200,true,true,false,Nikola,Sanjay,Cerina,Lumpkin,NW,NW,45,26,0,1,1,,,,,2,2,40,Layup Shot,3,Field Goal Made,0,0,0,78,78,
2,15,56,Matt Costello misses a jump shot from 6 feet out.,117554,,true,false,false,Matt,,Costello,,MSU,,45,26,0,1,1,,,,,5,2,45,Jump Shot,4,Field Goal Missed,6,-1.3,6,76,76,
2,15,56,Gary Harris with an offensive rebound.,117555,,true,false,false,Gary,,Harris,,MSU,,45,26,0,1,0,,,,,8,,,,5,Offensive Rebound,,,,76,76,
2,15,53,Personal foul committed by Kale Abrahamson.,116198,,true,false,false,Kale,,Abrahamson,,NW,,45,26,1,1,2,,,,,3,,1,Personal,8,Foul,,,,78,78,
2,15,53,Official TV timeout.,,,false,false,false,,,,,,,45,26,1,1,0,,,,,0,,3,Official TV,11,Timeout,,,,76,76,
2,15,41,Adreian Payne misses a hook shot from 7 feet out.,97677,,true,false,false,Adreian,,Payne,,MSU,,45,26,1,1,3,,,,,3,2,55,Hook Shot,4,Field Goal Missed,7,7,2,76,76,
2,15,41,Drew Crawford with a defensive rebound.,88698,,true,false,false,Drew,,Crawford,,NW,,45,26,1,1,2,,,,,6,,,,6,Defensive Rebound,,,,78,78,
2,15,33,Drew Crawford makes a layup shot.,88698,,true,false,false,Drew,,Crawford,,NW,,45,28,1,1,2,,,,,8,2,40,Layup Shot,3,Field Goal Made,0,0,0,78,78,
2,15,17,Denzel Valentine misses a hook shot from 9 feet out.,117557,,true,false,false,Denzel,,Valentine,,MSU,,45,28,1,1,0,,,,,6,2,55,Hook Shot,4,Field Goal Missed,9,8.9,.9,76,76,
2,15,17,Nikola Cerina with a defensive rebound.,88767,,true,false,false,Nikola,,Cerina,,NW,,45,28,1,1,1,,,,,2,,,,6,Defensive Rebound,,,,78,78,
2,14,55,Drew Crawford makes a jump shot from 10 feet out.,88698,,true,false,false,Drew,,Crawford,,NW,,45,30,1,1,2,,,,,10,2,45,Jump Shot,3,Field Goal Made,10,-9.8,3.3,78,78,
2,14,36,Adreian Payne misses a 3-point jump shot from 25 feet out.,97677,,true,false,false,Adreian,,Payne,,MSU,,45,30,1,1,3,,,,,3,3,45,Jump Shot,4,Field Goal Missed,25,4.2,24.7,76,76,
2,14,36,Tre Demps with a defensive rebound.,109549,,true,false,false,Tre,,Demps,,NW,,45,30,1,1,1,,,,,7,,,,6,Defensive Rebound,,,,78,78,
2,14,20,Sanjay Lumpkin misses a layup shot.,116200,,true,false,false,Sanjay,,Lumpkin,,NW,,45,30,1,1,2,,,,,0,2,40,Layup Shot,4,Field Goal Missed,0,0,0,78,78,
2,14,20,Gary Harris with a defensive rebound.,117555,,true,false,false,Gary,,Harris,,MSU,,45,30,1,1,0,,,,,8,,,,6,Defensive Rebound,,,,76,76,
2,14,18,Shooting foul committed by Tre Demps.,109549,,true,false,false,Tre,,Demps,,NW,,45,30,2,1,2,,,,,7,,2,Shooting,8,Foul,,,,78,78,
2,14,18,Denzel Valentine makes free throw 1 of 2.,117557,,true,false,false,Denzel,,Valentine,,MSU,,46,30,2,1,0,,,,,7,1,11,Free Throw 1 of 2,1,Free Throw Made,,,,76,76,
2,14,18,Denzel Valentine misses free throw 2 of 2.,117557,,true,false,false,Denzel,,Valentine,,MSU,,46,30,2,1,0,,,,,7,1,12,Free Throw 2 of 2,2,Free Throw Missed,,,,76,76,
2,14,18,Sanjay Lumpkin with a defensive rebound.,116200,,true,false,false,Sanjay,,Lumpkin,,NW,,46,30,2,1,2,,,,,0,,,,6,Defensive Rebound,,,,78,78,
2,14,02,Kale Abrahamson with a bad pass turnover: Bad Pass,116198,,true,false,false,Kale,,Abrahamson,,NW,,46,30,2,1,2,,,,,3,,1,Bad Pass,7,Turnover,,,,78,78,
2,13,52,Personal foul committed by Nikola Cerina.,88767,,true,false,false,Nikola,,Cerina,,NW,,46,30,3,1,2,,,,,2,,1,Personal,8,Foul,,,,78,78,
2,13,50,Personal foul committed by Sanjay Lumpkin.,116200,,true,false,false,Sanjay,,Lumpkin,,NW,,46,30,4,1,3,,,,,0,,1,Personal,8,Foul,,,,78,78,
2,13,48,Personal foul committed by Nikola Cerina.,88767,,true,false,false,Nikola,,Cerina,,NW,,46,30,5,1,3,,,,,2,,1,Personal,8,Foul,,,,78,78,
2,13,20,Travis Trice misses a 3-point jump shot from 24 feet out.,110404,,true,false,false,Travis,,Trice,,MSU,,46,30,5,1,0,,,,,3,3,45,Jump Shot,4,Field Goal Missed,24,-23.7,.9,76,76,
2,13,20,Travis Trice with an offensive rebound.,110404,,true,false,false,Travis,,Trice,,MSU,,46,30,5,1,0,,,,,3,,,,5,Offensive Rebound,,,,76,76,
2,13,05,Gary Harris makes a layup shot.,117555,,true,false,false,Gary,,Harris,,MSU,,48,30,5,1,0,,,,,10,2,40,Layup Shot,3,Field Goal Made,0,0,0,76,76,
2,12,42,Drew Crawford makes a 3-point jump shot from 25 feet out. Tre Demps with the assist.,88698,109549,true,true,false,Drew,Tre,Crawford,Demps,NW,NW,48,33,5,1,2,,,,,13,3,45,Jump Shot,3,Field Goal Made,25,4,25,78,78,
2,12,41,NW take a full timeout.,,,false,false,false,,,,,,,48,33,5,1,0,,,,,0,,1,Regular,11,Timeout,,,,78,78,
2,12,27,Adreian Payne makes a jump shot from 8 feet out.,97677,,true,false,false,Adreian,,Payne,,MSU,,50,33,5,1,3,,,,,5,2,45,Jump Shot,3,Field Goal Made,8,1.1,8.1,76,76,
2,12,02,Personal foul committed by Adreian Payne.,97677,,true,false,false,Adreian,,Payne,,MSU,,50,33,5,2,4,,,,,5,,1,Personal,8,Foul,,,,76,76,
2,11,41,Tre Demps misses a layup shot.,109549,,true,false,false,Tre,,Demps,,NW,,50,33,5,2,2,,,,,7,2,40,Layup Shot,4,Field Goal Missed,0,0,0,78,78,
2,11,41,Drew Crawford with an offensive rebound.,88698,,true,false,false,Drew,,Crawford,,NW,,50,33,5,2,2,,,,,13,,,,5,Offensive Rebound,,,,78,78,
2,11,31,Tre Demps misses a 3-point jump shot from 23 feet out.,109549,,true,false,false,Tre,,Demps,,NW,,50,33,5,2,2,,,,,7,3,45,Jump Shot,4,Field Goal Missed,23,18.1,14.9,78,78,
2,11,31,Denzel Valentine with a defensive rebound.,117557,,true,false,false,Denzel,,Valentine,,MSU,,50,33,5,2,0,,,,,7,,,,6,Defensive Rebound,,,,76,76,
2,11,03,Branden Dawson makes a jump shot from 15 feet out. Gary Harris with the assist.,110403,117555,true,true,false,Branden,Gary,Dawson,Harris,MSU,MSU,52,33,5,2,1,,,,,12,2,45,Jump Shot,3,Field Goal Made,15,4.2,14.5,76,76,
2,10,32,Tre Demps with a lost ball turnover: Lost Ball,109549,,true,false,false,Tre,,Demps,,NW,,52,33,5,2,2,,,,,7,,2,Lost Ball,7,Turnover,,,,78,78,
2,10,28,Keith Appling makes a layup shot.,97678,,true,false,false,Keith,,Appling,,MSU,,54,33,5,2,0,,,,,6,2,40,Layup Shot,3,Field Goal Made,0,0,0,76,76,
2,10,10,Shooting foul committed by Matt Costello.,117554,,true,false,false,Matt,,Costello,,MSU,,54,33,5,3,2,,,,,5,,2,Shooting,8,Foul,,,,76,76,
2,10,10,Official TV timeout.,,,false,false,false,,,,,,,54,33,5,3,0,,,,,0,,3,Official TV,11,Timeout,,,,76,76,
2,9,50,Drew Crawford misses a 3-point jump shot from 26 feet out.,88698,,true,false,false,Drew,,Crawford,,NW,,54,33,5,3,2,,,,,13,3,45,Jump Shot,4,Field Goal Missed,26,2.8,25.4,78,78,
2,9,50,Branden Dawson with a defensive rebound.,110403,,true,false,false,Branden,,Dawson,,MSU,,54,33,5,3,1,,,,,12,,,,6,Defensive Rebound,,,,76,76,
2,9,23,Gary Harris makes a 3-point jump shot from 24 feet out. Keith Appling with the assist.,117555,97678,true,true,false,Gary,Keith,Harris,Appling,MSU,MSU,57,33,5,3,0,,,,,13,3,45,Jump Shot,3,Field Goal Made,24,13.7,20,76,76,
2,9,03,Dave Sobolewski misses a 3-point jump shot from 23 feet out.,109548,,true,false,false,Dave,,Sobolewski,,NW,,57,33,5,3,1,,,,,3,3,45,Jump Shot,4,Field Goal Missed,23,-23,0,78,78,
2,9,03,NW with an offensive rebound.,,,false,false,false,,,,,,,57,33,5,3,0,,,,,0,,,,5,Offensive Rebound,,,,78,78,
2,9,02,Personal foul committed by Matt Costello.,117554,,true,false,false,Matt,,Costello,,MSU,,57,33,5,4,3,,,,,5,,1,Personal,8,Foul,,,,76,76,
2,8,49,Drew Crawford misses a 3-point jump shot from 23 feet out.,88698,,true,false,false,Drew,,Crawford,,NW,,57,33,5,4,2,,,,,13,3,45,Jump Shot,4,Field Goal Missed,23,-8.8,21,78,78,
2,8,49,Denzel Valentine with a defensive rebound.,117557,,true,false,false,Denzel,,Valentine,,MSU,,57,33,5,4,0,,,,,7,,,,6,Defensive Rebound,,,,76,76,
2,8,44,Keith Appling with a lost ball turnover: Lost Ball,97678,,true,false,false,Keith,,Appling,,MSU,,57,33,5,4,0,,,,,6,,2,Lost Ball,7,Turnover,,,,76,76,
2,8,33,Alex Olah makes a hook shot from 6 feet out. Dave Sobolewski with the assist.,116199,109548,true,true,false,Alex,Dave,Olah,Sobolewski,NW,NW,57,35,5,4,0,,,,,7,2,55,Hook Shot,3,Field Goal Made,6,5.5,1.9,78,78,
2,8,21,Matt Costello with a lost ball turnover: Lost Ball,117554,,true,false,false,Matt,,Costello,,MSU,,57,35,5,4,3,,,,,5,,2,Lost Ball,7,Turnover,,,,76,76,
2,7,53,Drew Crawford misses a jump shot from 18 feet out.,88698,,true,false,false,Drew,,Crawford,,NW,,57,35,5,4,2,,,,,13,2,45,Jump Shot,4,Field Goal Missed,18,12,13.9,78,78,
2,7,53,Denzel Valentine with a defensive rebound.,117557,,true,false,false,Denzel,,Valentine,,MSU,,57,35,5,4,0,,,,,7,,,,6,Defensive Rebound,,,,76,76,
2,7,21,Denzel Valentine misses a 3-point jump shot from 24 feet out.,117557,,true,false,false,Denzel,,Valentine,,MSU,,57,35,5,4,0,,,,,7,3,45,Jump Shot,4,Field Goal Missed,24,-14.5,19,76,76,
2,7,21,Branden Dawson with an offensive rebound.,110403,,true,false,false,Branden,,Dawson,,MSU,,57,35,5,4,1,,,,,12,,,,5,Offensive Rebound,,,,76,76,
2,7,15,Branden Dawson makes a layup shot.,110403,,true,false,false,Branden,,Dawson,,MSU,,59,35,5,4,1,,,,,14,2,40,Layup Shot,3,Field Goal Made,0,0,0,76,76,
2,7,08,Alex Olah makes a hook shot from 8 feet out. Tre Demps with the assist.,116199,109549,true,true,false,Alex,Tre,Olah,Demps,NW,NW,59,37,5,4,0,,,,,9,2,55,Hook Shot,3,Field Goal Made,8,-2.6,7,78,78,
2,7,07,Shooting foul committed by Matt Costello.,117554,,true,false,false,Matt,,Costello,,MSU,,59,37,5,5,4,,,,,5,,2,Shooting,8,Foul,,,,76,76,
2,7,07,Official TV timeout.,,,false,false,false,,,,,,,59,37,5,5,0,,,,,0,,3,Official TV,11,Timeout,,,,76,76,
2,7,07,Alex Olah makes free throw 1 of 1.,116199,,true,false,false,Alex,,Olah,,NW,,59,38,5,5,0,,,,,10,1,10,Free Throw 1 of 1,1,Free Throw Made,,,,78,78,
2,6,36,Travis Trice misses a jump shot from 20 feet out.,110404,,true,false,false,Travis,,Trice,,MSU,,59,38,5,5,0,,,,,3,2,45,Jump Shot,4,Field Goal Missed,20,11.3,16.6,76,76,
2,6,36,NW with a defensive rebound.,,,false,false,false,,,,,,,59,38,5,5,0,,,,,0,,,,6,Defensive Rebound,,,,78,78,
2,6,11,Nikola Cerina misses a hook shot from 9 feet out.,88767,,true,false,false,Nikola,,Cerina,,NW,,59,38,5,5,3,,,,,2,2,55,Hook Shot,4,Field Goal Missed,9,-.3,8.7,78,78,
2,6,11,Denzel Valentine with a defensive rebound.,117557,,true,false,false,Denzel,,Valentine,,MSU,,59,38,5,5,0,,,,,7,,,,6,Defensive Rebound,,,,76,76,
2,6,04,Travis Trice makes a 3-point jump shot from 23 feet out. Denzel Valentine with the assist.,110404,117557,true,true,false,Travis,Denzel,Trice,Valentine,MSU,MSU,62,38,5,5,0,,,,,6,3,45,Jump Shot,3,Field Goal Made,23,14,18.6,76,76,
2,5,41,Tre Demps misses a jump shot from 9 feet out.,109549,,true,false,false,Tre,,Demps,,NW,,62,38,5,5,2,,,,,7,2,45,Jump Shot,4,Field Goal Missed,9,-.6,8.7,78,78,
2,5,41,Kenny Kaminski with a defensive rebound.,117556,,true,false,false,Kenny,,Kaminski,,MSU,,62,38,5,5,0,,,,,6,,,,6,Defensive Rebound,,,,76,76,
2,5,31,Russell Byrd misses a 3-point jump shot from 23 feet out.,97679,,true,false,false,Russell,,Byrd,,MSU,,62,38,5,5,0,,,,,0,3,45,Jump Shot,4,Field Goal Missed,23,-23.4,-1.5,76,76,
2,5,31,Tre Demps with a defensive rebound.,109549,,true,false,false,Tre,,Demps,,NW,,62,38,5,5,2,,,,,7,,,,6,Defensive Rebound,,,,78,78,
2,5,03,Sanjay Lumpkin makes a layup shot.,116200,,true,false,false,Sanjay,,Lumpkin,,NW,,62,40,5,5,3,,,,,2,2,40,Layup Shot,3,Field Goal Made,0,0,0,78,78,
2,5,02,Shooting foul committed by Kenny Kaminski.,117556,,true,false,false,Kenny,,Kaminski,,MSU,,62,40,5,6,1,,,,,6,,2,Shooting,8,Foul,,,,76,76,
2,5,02,Sanjay Lumpkin misses free throw 1 of 1.,116200,,true,false,false,Sanjay,,Lumpkin,,NW,,62,40,5,6,3,,,,,2,1,10,Free Throw 1 of 1,2,Free Throw Missed,,,,78,78,
2,5,02,Adreian Payne with a defensive rebound.,97677,,true,false,false,Adreian,,Payne,,MSU,,62,40,5,6,4,,,,,5,,,,6,Defensive Rebound,,,,76,76,
2,4,54,Alvin Ellis III misses a layup shot.,121498,,true,false,false,Alvin,,Ellis III,,MSU,,62,40,5,6,1,,,,,0,2,40,Layup Shot,4,Field Goal Missed,0,0,0,76,76,
2,4,54,Branden Dawson with an offensive rebound.,110403,,true,false,false,Branden,,Dawson,,MSU,,62,40,5,6,1,,,,,14,,,,5,Offensive Rebound,,,,76,76,
2,4,53,Branden Dawson makes a tip shot from 3 feet out.,110403,,true,false,false,Branden,,Dawson,,MSU,,64,40,5,6,1,,,,,16,2,53,Tip Shot,3,Field Goal Made,3,2,3,76,76,
2,4,36,Drew Crawford makes a layup shot. Nathan Taphorn with the assist.,88698,120660,true,true,false,Drew,Nathan,Crawford,Taphorn,NW,NW,64,42,5,6,2,,,,,15,2,40,Layup Shot,3,Field Goal Made,0,0,0,78,78,
2,4,13,Adreian Payne misses a 3-point jump shot from 23 feet out.,97677,,true,false,false,Adreian,,Payne,,MSU,,64,42,5,6,4,,,,,5,3,45,Jump Shot,4,Field Goal Missed,23,8.2,21.7,76,76,
2,4,13,Drew Crawford with a defensive rebound.,88698,,true,false,false,Drew,,Crawford,,NW,,64,42,5,6,2,,,,,15,,,,6,Defensive Rebound,,,,78,78,
2,4,05,Drew Crawford makes a 3-point jump shot from 23 feet out.,88698,,true,false,false,Drew,,Crawford,,NW,,64,45,5,6,2,,,,,18,3,45,Jump Shot,3,Field Goal Made,23,-14.9,17.3,78,78,
2,3,38,Alvin Ellis III misses a jump shot from 17 feet out.,121498,,true,false,false,Alvin,,Ellis III,,MSU,,64,45,5,6,1,,,,,0,2,45,Jump Shot,4,Field Goal Missed,17,-17,1,76,76,
2,3,38,Tre Demps with a defensive rebound.,109549,,true,false,false,Tre,,Demps,,NW,,64,45,5,6,2,,,,,7,,,,6,Defensive Rebound,,,,78,78,
2,3,26,Sanjay Lumpkin makes a 3-point jump shot from 23 feet out. Tre Demps with the assist.,116200,109549,true,true,false,Sanjay,Tre,Lumpkin,Demps,NW,NW,64,48,5,6,3,,,,,5,3,45,Jump Shot,3,Field Goal Made,23,22.9,-2.1,78,78,
2,3,22,MSU take a 20-second timeout.,,,false,false,false,,,,,,,64,48,5,6,0,,,,,0,,2,Short,11,Timeout,,,,76,76,
2,2,58,Adreian Payne with a lost ball turnover: Lost Ball,97677,,true,false,false,Adreian,,Payne,,MSU,,64,48,5,6,4,,,,,5,,2,Lost Ball,7,Turnover,,,,76,76,
2,2,58,Official TV timeout.,,,false,false,false,,,,,,,64,48,5,6,0,,,,,0,,3,Official TV,11,Timeout,,,,76,76,
2,2,49,Drew Crawford makes a 3-point jump shot from 23 feet out. Tre Demps with the assist.,88698,109549,true,true,false,Drew,Tre,Crawford,Demps,NW,NW,64,51,5,6,2,,,,,21,3,45,Jump Shot,3,Field Goal Made,23,-17.6,15.6,78,78,
2,2,34,Personal foul committed by Alex Olah.,116199,,true,false,false,Alex,,Olah,,NW,,64,51,6,6,1,,,,,10,,1,Personal,8,Foul,,,,78,78,
2,2,14,Alvin Ellis III with a bad pass turnover: Bad Pass,121498,,true,false,false,Alvin,,Ellis III,,MSU,,64,51,6,6,1,,,,,0,,1,Bad Pass,7,Turnover,,,,76,76,
2,1,42,Sanjay Lumpkin misses a 3-point jump shot from 22 feet out.,116200,,true,false,false,Sanjay,,Lumpkin,,NW,,64,51,6,6,3,,,,,5,3,45,Jump Shot,4,Field Goal Missed,22,-22,.6,78,78,
2,1,42,Adreian Payne with a defensive rebound.,97677,,true,false,false,Adreian,,Payne,,MSU,,64,51,6,6,4,,,,,5,,,,6,Defensive Rebound,,,,76,76,
2,1,10,Branden Dawson misses a jump shot from 9 feet out.,110403,,true,false,false,Branden,,Dawson,,MSU,,64,51,6,6,1,,,,,16,2,45,Jump Shot,4,Field Goal Missed,9,-1.3,9.1,76,76,
2,1,10,Adreian Payne with an offensive rebound.,97677,,true,false,false,Adreian,,Payne,,MSU,,64,51,6,6,4,,,,,5,,,,5,Offensive Rebound,,,,76,76,
2,1,01,Adreian Payne misses a hook shot from 7 feet out.,97677,,true,false,false,Adreian,,Payne,,MSU,,64,51,6,6,4,,,,,5,2,55,Hook Shot,4,Field Goal Missed,7,-6,4,76,76,
2,1,01,Nathan Taphorn with a defensive rebound.,120660,,true,false,false,Nathan,,Taphorn,,NW,,64,51,6,6,0,,,,,0,,,,6,Defensive Rebound,,,,78,78,
2,0,50.6,Sanjay Lumpkin misses a layup shot.,116200,,true,false,false,Sanjay,,Lumpkin,,NW,,64,51,6,6,3,,,,,5,2,40,Layup Shot,4,Field Goal Missed,0,0,0,78,78,
2,0,50.6,Branden Dawson with a defensive rebound.,110403,,true,false,false,Branden,,Dawson,,MSU,,64,51,6,6,1,,,,,16,,,,6,Defensive Rebound,,,,76,76,
2,0,44.0,Travis Trice makes a 3-point jump shot from 25 feet out. Branden Dawson with the assist.,110404,110403,true,true,false,Travis,Branden,Trice,Dawson,MSU,MSU,67,51,6,6,0,,,,,9,3,45,Jump Shot,3,Field Goal Made,25,16,19,76,76,
2,0,43.1,NW take a 20-second timeout.,,,false,false,false,,,,,,,67,51,6,6,0,,,,,0,,2,Short,11,Timeout,,,,78,78,
2,0,32.6,Nathan Taphorn misses a 3-point jump shot from 25 feet out.,120660,,true,false,false,Nathan,,Taphorn,,NW,,67,51,6,6,0,,,,,0,3,45,Jump Shot,4,Field Goal Missed,25,14.4,20,78,78,
2,0,32.6,Alex Gauna with a defensive rebound.,97680,,true,false,false,Alex,,Gauna,,MSU,,67,51,6,6,0,,,,,0,,,,6,Defensive Rebound,,,,76,76,
2,0,00,End of the 2nd Half,,,false,false,false,,,,,,,67,51,6,6,0,,,,,0,,,,15,End Period,,,,76,76,
2,0,00,End of the Game,,,false,false,false,,,,,,,67,51,6,6,0,,,,,0,,,,19,Game Over,,,,76,76,
